ElevationDeg,GaseousLossDb,CloudLossDb,RainLossDb,ScintillationLossDb,TotalAtmosphericLossDb
5,0.396503213107248,0.0182829165792368,0.000297474289518547,0.326961751114081,0.723992476467777
6,0.33060403798062,0.0152442801151364,0.000236954536637793,0.262326388368727,0.593386843089561
7,0.283562141836694,0.0130751600815595,0.000195925282494587,0.217751748680107,0.501717925074234
8,0.248306115203334,0.0114494910515365,0.000166370428281388,0.185316679011553,0.433986485080683
9,0.220907407017424,0.0101861260154344,0.000144134062861115,0.160752459587316,0.381991445757011
10,0.199008895483366,0.00917637717519401,0.000126845014436403,0.141564494795236,0.340878751794494
11,0.181110602107615,0.00835107994207662,0.000113051100410033,0.126201853812121,0.307595974463158
12,0.166212548723323,0.00766412493587755,0.000101813529352268,0.113651944247378,0.28012951072396
13,0.15362244974131,0.00708359060020699,9.24989816123368e-05,0.103226889142375,0.257098470652914
14,0.142845822014312,0.00658667612580927,8.46652004805404e-05,0.0944437914557657,0.237524946110557
15,0.133520050761746,0.00615666120484166,7.79943712325973e-05,0.0869541450251867,0.22069742321133
16,0.125373180778655,0.00578100587757337,7.22524983793119e-05,0.0805004233352503,0.206086121443521
17,0.118197251929584,0.00545012102169043,6.72636706110977e-05,0.0748884065787631,0.193288629422269
18,0.111830522816699,0.0051565486787546,6.28932221997674e-05,0.0699689879004822,0.181993916702508
19,0.106145308031787,0.00489440122518662,5.90364055188791e-05,0.0656258860164217,0.171957871116669
20,0.1010394642379,0.00465896879219647,5.56105846385834e-05,0.0617671486215285,0.162986279390371
21,0.0964303088042388,0.00444643885168483,5.25497398130208e-05,0.0583191530355253,0.154922740016554
22,0.0922501970002093,0.00425369227894954,4.98005249178867e-05,0.0552222904488423,0.147639919988587
23,0.0884432529699098,0.00407815261665439,4.73193906723746e-05,0.0524278089423931,0.141033125281823
24,0.0849629179679171,0.00391767302303248,4.50704532260299e-05,0.0498954690283906,0.13501550197136
25,0.081770087023353,0.00377045035274537,4.302389296804e-05,0.0475917785844382,0.129514405791694
26,0.0788316756093954,0.00363495906545954,4.1154736386014e-05,0.0454886473038402,0.124468621675245
27,0.0761195048354993,0.00350989982162847,3.94419185783168e-05,0.0435623491681032,0.119826210177272
28,0.07360942553182,0.00339415909368631,3.78675540678496e-05,0.0417927139891536,0.115542822120817
29,0.071280623562371,0.00328677713376892,3.64163640639071e-05,0.0401624913214326,0.111580367037587
30,0.0691150640803904,0.00318692234811371,3.5075222521502e-05,0.0386568454944065,0.107905951823823
31,0.0670970433520479,0.00309387063147736,3.3832793328411e-05,0.0372629513952077,0.104491027833447
32,0.0652128246181049,0.00300698857657609,3.26792380566267e-05,0.0359696683917252,0.10131070024305
33,0.0634503401674867,0.00292571973658276,3.16059788365535e-05,0.0347672753896039,0.0983431648368029
34,0.0617989459911002,0.00284957331211949,3.06055046454569e-05,0.0336472541077089,0.0955692456493099
35,0.0602492185000517,0.00277811477785605,2.9671212051624e-05,0.0326021106751179,0.0929720130420489
36,0.0587927851292871,0.00271095807157811,2.87972735014448e-05,0.0316252279017435,0.0905364663774994
37,0.0574221824161147,0.00264775905013303,2.79785277726279e-05,0.0307107422658392,0.0882492689165386
38,0.0561307364926736,0.00258820997889137,2.72103883800904e-05,0.0298534409443033,0.0860985251984247
39,0.0549124619695638,0.00253203486923192,2.6488766609358e-05,0.0290486751924435,0.0840735931827255
40,0.0537619759924238,0.00247898551565721,2.58100065358283e-05,0.0282922871355275,0.0821649249936654
41,0.0526744248812026,0.00242883811310203,2.5170829918048e-05,0.027580547620886,0.0803639313224591
42,0.0516454212552666,0.00238139035774769,2.4568289266624e-05,0.0269101032375714,0.0786628654953847
43,0.0506709899376126,0.00233645895264444,2.39997277151853e-05,0.0262779309709575,0.077054723966292
44,0.0497475212417886,0.00229387745375323,2.34627445765369e-05,0.0256812992448345,0.0755331605880901
45,0.0488717304933868,0.00225349440346616,2.29551656712533e-05,0.0251177343305172,0.0740924124932708
46,0.0480406228376717,0.00221517170787253,2.24750176791512e-05,0.0245849912841415,0.0727272357950963
47,0.0472514625463534,0.00217878322148234,2.20205058952423e-05,0.0240810287194732,0.0714328496288707
48,0.0465017461677076,0.0021442135091679,2.15899948777374e-05,0.0236039868417404,0.0702048873022322
49,0.0457891789713265,0.00211135676002218,2.11819915616874e-05,0.0231521682640267,0.0690393535266457
50,0.0451116542266046,0.00208011583188179,2.07951304820042e-05,0.0227240212061512,0.0679325868685758
51,0.0444672349263808,0.00205040140859701,2.04281608070705e-05,0.0223181247402251,0.0668812266954915
52,0.043854137626962,0.00202213125488908,2.00799349314223e-05,0.0219331757999874,0.0658821840046365
53,0.0432707181254047,0.00199522955592407,1.97493984150384e-05,0.0215679777147634,0.0649326156159515
54,0.0427154587363082,0.0019696263306409,1.94355810891522e-05,0.0212214300651856,0.0640299012882554
55,0.0421869569649801,0.0019452569094666,1.91375891754503e-05,0.0208925196880543,0.0631716233826774
56,0.0416839154028822,0.00192206146839148,1.88545982880408e-05,0.020580312682988,0.0623555487516878
57,0.0412051326957309,0.00189998461250466,1.85858472064419e-05,0.0202839472947157,0.0615796125777716
58,0.0407494954552919,0.00187897500304385,1.83306323237165e-05,0.0200026275627056,0.0608419039243208
59,0.0403159710034305,0.00185898502282068,1.80883026872697e-05,0.0197356176448912,0.0601406527939328
60,0.0399036008518716,0.00183997047556988,1.7858255561163e-05,0.0194822367350135,0.0594742185169666
61,0.0395114948338198,0.0018218903153561,1.76399324484185e-05,0.0192418545039377,0.0588410793167644
62,0.039138825814452,0.00180470640267259,1.74328155199824e-05,0.0190138870045344,0.0582398229180504
63,0.0387848249166011,0.00178838328429566,1.72364244040115e-05,0.0187977929876067,0.0576691380822252
64,0.0384487772059547,0.00177288799432753,1.70503132951341e-05,0.0185930705830988,0.0571278069680486
65,0.0381300177869902,0.00175818987417838,1.68740683484783e-05,0.0183992543066288,0.0566146982289145
66,0.0378279282668327,0.00174426040951347,1.67073053276862e-05,0.0182159123563849,0.056128760768886
67,0.0375419335493821,0.00173107308242909,1.65496674799494e-05,0.0180426441697413,0.0556690180891501
68,0.0372714989265443,0.00171860323732813,1.64008236144031e-05,0.0178790782126837,0.0552345631647734
69,0.0370161274373063,0.00170682795914598,1.62604663630809e-05,0.0177248699783759,0.0548245537987919
70,0.0367753574687999,0.00169572596273467,1.61283106061214e-05,0.0175797001740167,0.0544382084068981
71,0.0365487605764814,0.00168527749235052,1.60040920450848e-05,0.0174432730775952,0.0540748021914314
72,0.0363359395031688,0.00167546423031114,1.58875659101341e-05,0.0173153150482981,0.0537336636681393
73,0.0361365263789726,0.00166626921399358,1.5778505788493e-05,0.0171955731762068,0.0534141715133625
74,0.0359501810861843,0.00165767676043871,1.56767025630491e-05,0.0170838140585722,0.0531157517029745
75,0.0357765897749723,0.00164967239790935,1.55819634512512e-05,0.016979822691413,0.052837874917653
76,0.0356154635173209,0.00164224280382288,1.54941111355807e-05,0.0168834014664663,0.0525800541919318
77,0.0354665370880541,0.00163537574854383,1.54129829778765e-05,0.0167943692646583,0.0523418427870279
78,0.0353295678630405,0.00162906004457961,1.5338430310682e-05,0.0167125606382726,0.0521228322697054
79,0.0352043348257966,0.00162328550077465,1.52703177995685e-05,0.016637825074894,0.051922650781459
80,0.0350906376747085,0.00161804288114403,1.52085228711015e-05,0.0165700263370102,0.0517409614841101
81,0.0349882960239992,0.00161332386802977,1.51529352017421e-05,0.0165090418718752,0.051577461169539
82,0.0348971486923847,0.0016091210293005,1.51034562635499e-05,0.0164547622868909,0.0514318790227406
83,0.0348170530741056,0.00160542778934947,1.50599989230668e-05,0.0164070908863481,0.0513039755287309
84,0.0347478845876978,0.00160223840367717,1.502248709023e-05,0.0163659432659092,0.0511935415150377
85,0.0346895361984878,0.00159954793687338,1.49908554145901e-05,0.0163312469616993,0.0511003973226279
86,0.0346419180113742,0.00159735224384021,1.49650490265033e-05,0.0163029411513296,0.0510243920991484
87,0.0346049569309886,0.00159564795412191,1.49450233213338e-05,0.0162809764045903,0.0509654032093092
88,0.0345785963868316,0.00159443245923089,1.49307437850406e-05,0.0162653144819459,0.0509233357581345
89,0.0345627961214531,0.00159370390288054,1.4922185859846e-05,0.0162559281793318,0.0508981222236456
90,0.0345575320401952,0.00159346117405685,1.49193348489871e-05,0.0162528012181043,0.0508897221963451
